CompanyName,CompanyStateCode,CompanyIndustrialClassification,Website,Roles,LinkedIn
ZEWEB MEDIA PRIVATE LIMITED,DELHI,Business Services,,,
INVOS RESEARCH & TECHNOLOGY PRIVATE LIMITED,DELHI,Business Services,,,
STUDIO 38 MARKETING (OPC) PRIVATE LIMITED,DELHI,Business Services,,,
GEEKSQUADRON PRIVATE LIMITED,DELHI,Business Services,,,
VANINADH BUSINESS PRIVATE LIMITED,DELHI,Business Services,,,
NORDFINN CONSULTANCY SERVICES PRIVATE LIMITED,DELHI,Business Services,,,
PHALANX CATALYTIC SOLUTIONS PRIVATE LIMITED,DELHI,Business Services,,,
HEXAGON INFRASTRUCTURE & EDUCATION PRIVATE LIMITED,ASSAM,Business Services,,,
MLP RESEARCH (INDIA) PRIVATE LIMITED,MAHARASHTRA,Business Services,,,
EAGER TECHNOLOGY & EDUCATION SERVICES PRIVATE LIMITED,ASSAM,Business Services,,,
